Type,Name,Request Count,Failure Count,Median Response Time,Average Response Time,Min Response Time,Max Response Time,Average Content Size,Requests/s,Failures/s,50%,66%,75%,80%,90%,95%,98%,99%,99.9%,99.99%,100%
POST,POST /api/v1/segment/instance (legacy),96109,0,1,0.592760241665254,0.475957989692688,63.18979201023467,71.0,1628.3500284915553,0.0,1,1,1,1,1,1,1,1,3,10,63
,Aggregated,96109,0,1,0.592760241665254,0.475957989692688,63.18979201023467,71.0,1628.3500284915553,0.0,1,1,1,1,1,1,1,1,3,10,63
