Type,Name,Request Count,Failure Count,Median Response Time,Average Response Time,Min Response Time,Max Response Time,Average Content Size,Requests/s,Failures/s,50%,66%,75%,80%,90%,95%,98%,99%,99.9%,99.99%,100%
POST,POST /api/v1/segment/instance (legacy),226507,0,2,2.1125661533532014,0.9140000038314611,185.574875009479,71.0,3836.1302681688803,0.0,2,2,2,2,3,3,4,4,11,130,190
,Aggregated,226507,0,2,2.1125661533532014,0.9140000038314611,185.574875009479,71.0,3836.1302681688803,0.0,2,2,2,2,3,3,4,4,11,130,190
