Type,Name,Request Count,Failure Count,Median Response Time,Average Response Time,Min Response Time,Max Response Time,Average Content Size,Requests/s,Failures/s,50%,66%,75%,80%,90%,95%,98%,99%,99.9%,99.99%,100%
POST,POST /api/v1/segment/instance (legacy),222291,0,9,10.304568783026253,3.67670800187625,330.8172499819193,71.0,3755.9914513083686,0.0,9,10,11,11,12,14,18,21,260,330,330
,Aggregated,222291,0,9,10.304568783026253,3.67670800187625,330.8172499819193,71.0,3755.9914513083686,0.0,9,10,11,11,12,14,18,21,260,330,330
